Date,Open,High,Low,Close,Adj Close,Volume
24-04-2017,155.449997,157,154.199997,155.149994,155.149994,7810199
25-04-2017,156.600006,162,155.800003,161.100006,161.100006,14159303
26-04-2017,161.949997,169.600006,161,167.149994,167.149994,23060379
27-04-2017,165.75,167.899994,162.649994,164.699997,164.699997,12027538
28-04-2017,165.300003,170.699997,164.75,168.850006,168.850006,14727193
02-05-2017,170,174.25,169.850006,170.699997,170.699997,12782804
03-05-2017,172,178,169.199997,174.899994,174.899994,19280628
04-05-2017,178.5,180.399994,175.399994,179.449997,179.449997,15515354
05-05-2017,181.75,185.800003,171.600006,174.300003,174.300003,25487298
08-05-2017,174.449997,177.300003,172,176.100006,176.100006,11955725
09-05-2017,177,177.199997,171.050003,173.600006,173.600006,11702741
10-05-2017,174,175.449997,170.800003,172.149994,172.149994,6404722
11-05-2017,172.600006,176.199997,171.100006,172,172,8622609
12-05-2017,172,174.050003,167.100006,169.149994,169.149994,8539232
15-05-2017,169.949997,171.300003,166.199997,166.800003,166.800003,7476618
16-05-2017,167.350006,178,164.800003,174.149994,174.149994,51532461
17-05-2017,173,173.100006,164.300003,165.050003,165.050003,26536944
18-05-2017,163.399994,164.399994,157.899994,158.5,158.5,13905573
19-05-2017,159.5,162.25,154.100006,155.199997,155.199997,16311602
22-05-2017,157.5,158,150.25,150.949997,150.949997,11857847
23-05-2017,151.949997,154.350006,145.550003,149.75,149.75,18177361
24-05-2017,149.699997,152.350006,146.5,147.449997,147.449997,12578488
25-05-2017,148.5,151.899994,144.350006,150.699997,150.699997,18805386
26-05-2017,151,153.300003,149.600006,150.649994,150.649994,9285518
29-05-2017,150.449997,151.850006,143.050003,145.100006,145.100006,8154328
30-05-2017,143.899994,148,142.399994,146.350006,146.350006,10767305
31-05-2017,146.850006,151.600006,145,150.5,150.5,16851657
01-06-2017,151,152.300003,149.25,151.899994,151.899994,9103808
02-06-2017,153.399994,154.050003,150.899994,153.050003,153.050003,7997880
05-06-2017,153.449997,154.75,152.800003,153.800003,153.800003,5133407
06-06-2017,154.100006,154.5,149.050003,149.5,149.5,6081488
07-06-2017,149.5,153,149.25,152.350006,152.350006,7023536
08-06-2017,152.800003,153.149994,150.75,151.300003,151.300003,5183430
09-06-2017,151,152.75,149.649994,152.149994,152.149994,4215439
12-06-2017,151,151,147.5,148.399994,148.399994,6329251
13-06-2017,148.800003,150.5,147.5,148.75,148.75,4610203
14-06-2017,149.600006,152.699997,148.300003,152,152,8829217
15-06-2017,148.600006,150.699997,146.699997,147.449997,147.449997,12486764
16-06-2017,148.5,148.899994,146.699997,147.649994,147.649994,6445657
19-06-2017,148.5,149,146.800003,147.25,147.25,3972793
20-06-2017,146.899994,147.600006,143.5,143.899994,143.899994,11058383
21-06-2017,144.100006,146.649994,143.5,146.199997,146.199997,6615254
22-06-2017,146.949997,147.899994,144.75,145.550003,145.550003,4476023
23-06-2017,145.75,146.550003,142.100006,143.899994,143.899994,6011716
27-06-2017,144.399994,144.399994,135.600006,137,137,11185507
28-06-2017,134.399994,138.25,132.649994,136.5,136.5,10796349
29-06-2017,138,139.75,134.800003,138.050003,138.050003,9372758
30-06-2017,136.850006,138.600006,135.5,137.300003,137.300003,5476662
03-07-2017,137.5,140,136.600006,139.25,139.25,4541871
04-07-2017,139.399994,140.350006,135.800003,136.550003,136.550003,4799590
05-07-2017,136.399994,137.600006,135.25,136.600006,136.600006,6423645
06-07-2017,140.449997,144.199997,139.75,143.300003,143.300003,16877517
07-07-2017,143.600006,144.800003,142.449997,144.199997,144.199997,6501418
10-07-2017,149.800003,154.25,149,153.25,153.25,6633454
11-07-2017,154.350006,155.100006,148.699997,149.399994,149.399994,10977204
12-07-2017,149.850006,152.899994,148.399994,152.350006,152.350006,7270322
13-07-2017,153.899994,154.949997,151,152.25,152.25,5383408
14-07-2017,150,154.899994,150,153.649994,153.649994,7808933
17-07-2017,153.350006,154,151.5,152.899994,152.899994,7437053
18-07-2017,152.899994,158.949997,151.899994,154.850006,154.850006,12397695
19-07-2017,156.600006,158.850006,155.649994,158.300003,158.300003,6062912
20-07-2017,156.949997,158.699997,155.899994,156.75,156.75,5441983
21-07-2017,158,159.699997,155.949997,158.25,158.25,6926819
24-07-2017,158.5,163.399994,158,161.300003,161.300003,8443748
25-07-2017,162.25,164.300003,161.350006,162.949997,162.949997,6869914
26-07-2017,162.5,163.699997,158.100006,158.899994,158.899994,8868577
27-07-2017,159.949997,160.899994,153.5,154.149994,154.149994,11133709
28-07-2017,154,159.449997,153,158.850006,158.850006,7759390
31-07-2017,154.899994,163.399994,154.350006,162.300003,162.300003,13159766
01-08-2017,163.800003,164.199997,157,157.5,157.5,11446128
02-08-2017,159,162.199997,157.350006,158.949997,158.949997,31565886
03-08-2017,157.850006,157.850006,148.199997,149.300003,149.300003,19702626
04-08-2017,149.050003,152.350006,147.899994,151.050003,151.050003,12895805
07-08-2017,151.300003,153,151.050003,152.100006,152.100006,5372108
08-08-2017,153,153,145.5,148.800003,148.800003,11529949
09-08-2017,148.5,150.300003,146.5,148.300003,148.300003,7478797
10-08-2017,147.5,148.300003,140.149994,143.149994,143.149994,8506146
11-08-2017,139,144.600006,137.449997,140.350006,140.350006,14050916
14-08-2017,141.5,143.800003,140.350006,143.199997,143.199997,5282514
16-08-2017,143.899994,149.100006,140.699997,147.550003,147.550003,8003091
17-08-2017,148.100006,150.100006,145.5,146.300003,146.300003,8384523
18-08-2017,144,144.5,140.699997,142.149994,142.149994,9195713
21-08-2017,143,143.899994,136.800003,137.600006,137.600006,9064019
22-08-2017,139,139.5,135.649994,138,138,9256850
23-08-2017,139,143.100006,138.25,142.649994,142.649994,9488136
24-08-2017,141.5,145.5,140.25,144.300003,144.300003,8742823
28-08-2017,144.300003,145.949997,143.949997,144.850006,144.850006,5356187
29-08-2017,143.25,145.399994,140.25,141,141,6956667
30-08-2017,142.25,143.350006,141.300003,142.5,142.5,4286281
31-08-2017,142.600006,145,141.399994,143.800003,143.800003,8964249
01-09-2017,144.100006,145.800003,143.899994,144.449997,144.449997,5319966
04-09-2017,144.5,145.399994,141.600006,142.649994,142.649994,4522734
05-09-2017,143.300003,143.899994,142.399994,143.600006,143.600006,3193574
06-09-2017,142.25,142.600006,138.350006,139,139,12625243
07-09-2017,140.399994,140.399994,137.550003,138.949997,138.949997,8834660
08-09-2017,139.399994,139.800003,137.100006,137.850006,137.850006,4807096
11-09-2017,138.899994,139.5,137.75,138.149994,138.149994,3593970
12-09-2017,139.399994,142,138,141.5,141.5,7355454
13-09-2017,141.949997,144.800003,141.149994,143,143,6517642
14-09-2017,143,145.800003,143,145.25,145.25,6985935
15-09-2017,144.199997,146.399994,143.600006,144.649994,144.649994,5237646
18-09-2017,146,147.300003,144.5,144.75,144.75,4089953
19-09-2017,145.5,145.5,141.899994,143.899994,143.899994,3878878
20-09-2017,144,146.449997,142.75,144.800003,144.800003,9509565
21-09-2017,144.199997,145.699997,141.350006,141.800003,141.800003,4955855
22-09-2017,141.699997,141.699997,137.050003,137.699997,137.699997,4339014
25-09-2017,137.5,138.5,133.350006,137.649994,137.649994,5005117
26-09-2017,137.5,138.25,135.5,136.649994,136.649994,4156603
27-09-2017,137.300003,138.199997,132.050003,132.649994,132.649994,5049669
28-09-2017,132.800003,133.899994,130.199997,130.75,130.75,6456704
29-09-2017,131.899994,132.75,128.399994,129.050003,129.050003,5696269
03-10-2017,130.850006,131,128.199997,129.600006,129.600006,6869737
04-10-2017,129.899994,132.199997,129,129.949997,129.949997,4823213
05-10-2017,130.399994,133.300003,130,132.350006,132.350006,5435195
06-10-2017,133,137.899994,132.949997,137.050003,137.050003,7521348
09-10-2017,137,137.850006,135.149994,137.300003,137.300003,4262474
10-10-2017,137.5,137.800003,136.199997,137,137,2373107
11-10-2017,138,138.800003,130.800003,131.699997,131.699997,5753051
12-10-2017,132,134.300003,129.949997,133.800003,133.800003,5371109
13-10-2017,133.800003,136.75,132.399994,135,135,5481433
16-10-2017,135.449997,136.350006,132,133.850006,133.850006,4427314
17-10-2017,133.800003,136.800003,133.350006,134.399994,134.399994,4220328
18-10-2017,133.100006,133.850006,130.399994,130.899994,130.899994,6126357
19-10-2017,131,131.5,128.800003,129.550003,129.550003,1148287
23-10-2017,129.600006,131.899994,129,131,131,4381410
24-10-2017,131.5,141.699997,131,138.199997,138.199997,13692564
25-10-2017,152,206.550003,152,202.050003,202.050003,166547247
26-10-2017,212,231.449997,201.100006,213.600006,213.600006,124669249
27-10-2017,214,214,195.25,196.649994,196.649994,39213574
30-10-2017,196.800003,213,194.75,203.949997,203.949997,46136900
31-10-2017,203.949997,206.899994,196.600006,197.149994,197.149994,27023668
01-11-2017,202,206.300003,198.25,198.899994,198.899994,28141909
02-11-2017,199.050003,203.5,196.050003,197.449997,197.449997,20686765
03-11-2017,199.25,212,199.100006,207.800003,207.800003,96398855
06-11-2017,206.800003,207.600006,199.699997,201.199997,201.199997,21545767
07-11-2017,204.800003,204.800003,188.649994,190.800003,190.800003,27782722
08-11-2017,192.850006,194.850006,186.050003,189.050003,189.050003,22869578
09-11-2017,191.399994,196.550003,190.5,192.300003,192.300003,21212153
10-11-2017,190,196,187,190.100006,190.100006,26367774
13-11-2017,192,192.449997,186.5,187.649994,187.649994,13730302
14-11-2017,188.300003,189.949997,183.199997,184.050003,184.050003,14459551
15-11-2017,184.899994,187.100006,179.149994,180.699997,180.699997,15478328
16-11-2017,182.399994,191.050003,180.100006,189.600006,189.600006,22146185
17-11-2017,198,200.899994,189.800003,190.800003,190.800003,28196846
20-11-2017,190.699997,190.699997,186.5,187.25,187.25,13291834
21-11-2017,188.949997,191.699997,185.300003,186.300003,186.300003,13806005
22-11-2017,187,192.949997,183.5,189.199997,189.199997,23941016
23-11-2017,189.300003,189.600006,184.949997,186.5,186.5,14256077
24-11-2017,187,189.199997,185.050003,186.100006,186.100006,11782239
27-11-2017,184.949997,186.649994,182.850006,185.850006,185.850006,10556535
28-11-2017,186.699997,187.850006,182.800003,183.699997,183.699997,13720114
29-11-2017,184.100006,184.699997,180.5,181.600006,181.600006,9800911
30-11-2017,180.899994,180.899994,175.350006,176.100006,176.100006,17254860
01-12-2017,177.100006,178,170.100006,171.5,171.5,13167162
04-12-2017,171.899994,174.350006,169.5,173.199997,173.199997,12795662
05-12-2017,172.399994,177.800003,170.649994,175.949997,175.949997,17498518
06-12-2017,175.399994,175.800003,170.949997,172.100006,172.100006,12381441
07-12-2017,172.100006,175.800003,172.050003,173.899994,173.899994,11340699
08-12-2017,174.350006,175.300003,172,172.699997,172.699997,8766071
11-12-2017,174.050003,175.300003,171.850006,172.949997,172.949997,7926307
12-12-2017,172.899994,176.25,170.300003,173.699997,173.699997,16854655
13-12-2017,173,173.699997,166.449997,167.800003,167.800003,11545396
14-12-2017,169,170.649994,166.149994,169.600006,169.600006,12678906
15-12-2017,172.100006,173.949997,170.75,171.600006,171.600006,8768732
18-12-2017,168,180.600006,161.850006,178.75,178.75,27671940
19-12-2017,180.850006,181,176.350006,178.75,178.75,13603472
20-12-2017,171.899994,172.800003,169.399994,170.5,170.5,63640511
21-12-2017,171,174.899994,170.5,173.5,173.5,18059283
22-12-2017,173.899994,177.149994,172.149994,175.949997,175.949997,22577624
26-12-2017,175.899994,175.899994,172.550003,174.300003,174.300003,9993708
27-12-2017,174.199997,177.699997,172.699997,174.100006,174.100006,14740959
28-12-2017,173.25,174.5,170,170.800003,170.800003,18945479
29-12-2017,171.800003,173.649994,170.649994,171.399994,171.399994,9789074
01-01-2018,172.949997,173.399994,168.899994,169.75,169.75,7869149
02-01-2018,170.5,170.899994,165.399994,166.399994,166.399994,13729132
03-01-2018,168,169.300003,166.199997,166.600006,166.600006,8534233
04-01-2018,167.350006,179.699997,165.399994,176.449997,176.449997,31613344
05-01-2018,180.399994,180.5,175.399994,176,176,15500426
08-01-2018,177.050003,178.149994,175.100006,175.699997,175.699997,7302294
09-01-2018,175.300003,177.899994,174.050003,174.649994,174.649994,11152776
10-01-2018,174.449997,174.899994,170,170.649994,170.649994,9021131
11-01-2018,170.300003,173.600006,169.550003,172.75,172.75,8683647
12-01-2018,173.5,174.899994,171.449997,174.199997,174.199997,11223630
15-01-2018,174.949997,175.850006,171.850006,172.149994,172.149994,7104648
16-01-2018,172.25,172.949997,165.100006,165.550003,165.550003,11916843
17-01-2018,165.5,177,162.649994,175.550003,175.550003,25299752
18-01-2018,180.699997,182.75,168.649994,170.5,170.5,32923946
19-01-2018,170.800003,178,169.350006,176.399994,176.399994,21519974
22-01-2018,176.100006,177.300003,172.199997,176,176,11370450
23-01-2018,176.050003,187.800003,175.25,185.800003,185.800003,28176767
24-01-2018,185.25,196.350006,182.100006,194.649994,194.649994,50753260
25-01-2018,197,197,180,180.899994,180.899994,45808402
29-01-2018,181.699997,182.350006,172.600006,173.949997,173.949997,18481283
30-01-2018,173.300003,175.899994,171.399994,172.649994,172.649994,16914910
31-01-2018,171.5,175.199997,168.800003,171.350006,171.350006,15313331
01-02-2018,172.800003,174.600006,166,167.550003,167.550003,15801115
02-02-2018,165,168.699997,160.5,161.850006,161.850006,17622089
05-02-2018,158,166.199997,156.899994,163.699997,163.699997,20688955
06-02-2018,151.25,164.699997,151.25,161.050003,161.050003,27530912
07-02-2018,163.949997,164.899994,155.600006,156.550003,156.550003,22887593
08-02-2018,157,161.5,156.600006,159.350006,159.350006,16358889
09-02-2018,156,158,155.300003,156.800003,156.800003,9608396
12-02-2018,157.050003,163.949997,156.5,161.649994,161.649994,15391679
14-02-2018,158.949997,158.949997,144.649994,145.850006,145.850006,68396778
15-02-2018,137.600006,139.699997,125.25,128.25,128.25,177112217
16-02-2018,125.599998,128.399994,120.550003,125.550003,125.550003,156691203
19-02-2018,122,123.5,113.550003,116.5,116.5,130898125
20-02-2018,113.900002,118.449997,111,116.550003,116.550003,146638863
21-02-2018,118.150002,119.5,115.550003,117.300003,117.300003,67541786
22-02-2018,114.599998,116.800003,113.699997,114.599998,114.599998,45302555
23-02-2018,114.400002,116.949997,112.300003,113.449997,113.449997,45035931
26-02-2018,115,115,110.150002,112,112,42608524
27-02-2018,106.800003,106.800003,96.050003,98.349998,98.349998,202069429
28-02-2018,93.599998,102.400002,92,101.400002,101.400002,210781693
01-03-2018,100.699997,103.75,98.800003,101.050003,101.050003,122105493
05-03-2018,99.900002,102.400002,98.800003,100.099998,100.099998,59237515
06-03-2018,101,102,96.800003,97.849998,97.849998,43475662
07-03-2018,96,96.900002,94.050003,95.5,95.5,52573179
08-03-2018,96.150002,97.449997,94.300003,96.650002,96.650002,34680221
09-03-2018,97.400002,97.650002,95,95.599998,95.599998,30239013
12-03-2018,96.199997,96.300003,91.25,94.599998,94.599998,45021305
13-03-2018,94.199997,102.650002,93.300003,97.949997,97.949997,86099105
14-03-2018,94,100.349998,93.300003,99.300003,99.300003,83449240
15-03-2018,99.300003,101,97.800003,98.550003,98.550003,42911688
16-03-2018,98.400002,102.25,97.599998,98.849998,98.849998,55339873
19-03-2018,98.550003,100.449997,96.099998,96.550003,96.550003,33530881
20-03-2018,96,97.5,95.25,96.849998,96.849998,27906714
21-03-2018,97.550003,99.150002,97.150002,97.599998,97.599998,23276651
22-03-2018,97.650002,98.150002,95.699997,96.550003,96.550003,16401398
23-03-2018,94.449997,95.099998,92.75,93.150002,93.150002,23075193
26-03-2018,93.400002,96.449997,93.050003,95.800003,95.800003,26795299
27-03-2018,97.199997,100,96.300003,99.449997,99.449997,29403384
28-03-2018,97.949997,99.150002,94.550003,95.300003,95.300003,30109801
02-04-2018,96.300003,96.849998,95.400002,96.300003,96.300003,13543335
03-04-2018,97.550003,98.900002,94.650002,95.449997,95.449997,25344799
04-04-2018,96,97,94.199997,94.400002,94.400002,21491684
05-04-2018,95.900002,98.099998,95.150002,97,97,25894057
06-04-2018,97.150002,102.849998,95.849998,102.150002,102.150002,47882204
09-04-2018,103.900002,105.550003,101.300003,105.25,105.25,50232626
10-04-2018,106.75,106.75,104.25,105.199997,105.199997,29470636
11-04-2018,103.5,104.150002,101.300003,102.199997,102.199997,24512955
12-04-2018,102.25,102.900002,100.199997,101.25,101.25,20289152
13-04-2018,101.5,103,100.800003,101.300003,101.300003,15646434
16-04-2018,100.75,101.75,98.449997,99.150002,99.150002,18763829
17-04-2018,99.800003,100.349998,97.599998,97.949997,97.949997,17990215
18-04-2018,98.050003,99,97,97.150002,97.150002,19430044
19-04-2018,97.849998,97.849998,95.800003,96.099998,96.099998,15064019
20-04-2018,95.199997,95.5,92.800003,93.599998,93.599998,21889815
23-04-2018,93.900002,95.400002,93.25,94.099998,94.099998,15414423
24-04-2018,94.400002,94.650002,92.900002,93.150002,93.150002,11744430
25-04-2018,93.099998,93.800003,92,92.300003,92.300003,12918338
26-04-2018,92.349998,92.599998,90.5,91,91,18724350
27-04-2018,91.25,94.599998,91.099998,93.400002,93.400002,25205308
30-04-2018,94.400002,95.699997,93.349998,95.400002,95.400002,13703163
02-05-2018,95.900002,96,92.550003,92.800003,92.800003,10845584
03-05-2018,93,93.599998,91.800003,92.050003,92.050003,11643684
04-05-2018,92.75,93.150002,91.099998,91.550003,91.550003,11462253
07-05-2018,92.5,94.650002,92.099998,93.800003,93.800003,13839790
08-05-2018,94.199997,95.650002,92.349998,92.650002,92.650002,18546850
09-05-2018,93.199997,93.5,92.699997,93,93,6730710
10-05-2018,93.099998,93.650002,91.050003,91.400002,91.400002,11303169
11-05-2018,91.849998,91.900002,87.199997,88.800003,88.800003,19914360
14-05-2018,89,90.849998,88,89.300003,89.300003,15634508
15-05-2018,89,91.5,83.550003,85.949997,85.949997,29556673
16-05-2018,79.150002,80,74.150002,75.599998,75.599998,98523673
17-05-2018,76,77,74.400002,76.449997,76.449997,37034469
18-05-2018,76.400002,77,74.5,74.75,74.75,25068232
21-05-2018,76,78.699997,75.300003,78.150002,78.150002,29693002
22-05-2018,78.050003,83.550003,76.599998,81.550003,81.550003,47285396
23-05-2018,81.400002,83.5,79.699997,80.550003,80.550003,29450321
24-05-2018,80.699997,82.5,80.050003,82.099998,82.099998,19933989
25-05-2018,81.949997,84.550003,81.300003,83.349998,83.349998,19102160
28-05-2018,83.699997,89.599998,83.599998,88.699997,88.699997,34946952
29-05-2018,88.5,89.199997,85.25,85.650002,85.650002,27758350
30-05-2018,84.599998,87,84.300003,86.099998,86.099998,18814541
31-05-2018,86.650002,87,83.25,83.650002,83.650002,17359606
01-06-2018,84,84.849998,82.050003,82.949997,82.949997,20636225
04-06-2018,83.599998,85,82.199997,83.199997,83.199997,15456025
05-06-2018,83.199997,83.800003,81.050003,82.650002,82.650002,14615089
06-06-2018,82.75,85.5,82.300003,84.699997,84.699997,18167507
07-06-2018,85.099998,86.849998,84.349998,86.099998,86.099998,17624425
08-06-2018,86,91.199997,85.400002,90.449997,90.449997,39225458
11-06-2018,92,94.699997,91.099998,91.599998,91.599998,37150478
12-06-2018,91.400002,92.699997,90.650002,91.75,91.75,21847334
13-06-2018,92.150002,93.199997,90.900002,91.300003,91.300003,19488548
14-06-2018,91,92.300003,89.300003,91.699997,91.699997,19136052
15-06-2018,92.099998,93.150002,89.599998,89.849998,89.849998,21610044
18-06-2018,89.5,90.650002,88.199997,88.5,88.5,12204751
19-06-2018,88.300003,89.650002,86.449997,86.800003,86.800003,16686961
20-06-2018,86.800003,87.599998,85.699997,86.199997,86.199997,15014284
21-06-2018,86.25,86.550003,83.199997,83.400002,83.400002,17947960
22-06-2018,83.400002,83.699997,81.599998,81.900002,81.900002,26172821
25-06-2018,81.900002,82.400002,79.5,79.800003,79.800003,18367654
26-06-2018,79.5,81.150002,78.849998,79.849998,79.849998,24559936
27-06-2018,79.849998,80.25,75.25,76.75,76.75,23005577
28-06-2018,76.75,78.5,71.650002,72.800003,72.800003,48215340
29-06-2018,73.550003,76.349998,73.550003,76.150002,76.150002,30436895
02-07-2018,76.800003,79.75,74.400002,78.150002,78.150002,27653723
03-07-2018,78,78.150002,75.849998,77.150002,77.150002,20767258
04-07-2018,76.900002,77.150002,75.599998,76.099998,76.099998,15453638
05-07-2018,76.050003,78,75.150002,75.550003,75.550003,20437925
06-07-2018,75.949997,78,75.449997,76.949997,76.949997,20777411
09-07-2018,78,78.599998,77.449997,77.800003,77.800003,16419039
10-07-2018,78.25,78.900002,77.449997,77.849998,77.849998,13975359
11-07-2018,78,78.199997,75.349998,75.550003,75.550003,15332841
12-07-2018,76.099998,77.699997,75.75,76.099998,76.099998,15854520
13-07-2018,76.300003,76.349998,73.150002,73.849998,73.849998,17764493
16-07-2018,75.199997,75.400002,73.5,73.849998,73.849998,19426203
17-07-2018,74.300003,79.800003,74.099998,78.699997,78.699997,38586630
18-07-2018,80,81.949997,74.5,75.199997,75.199997,50685774
19-07-2018,75.550003,76.900002,74.199997,75.300003,75.300003,22782507
20-07-2018,75.5,76.199997,74.699997,75.550003,75.550003,14332633
23-07-2018,75.550003,79.800003,74.949997,78.949997,78.949997,28920645
24-07-2018,79.400002,80.300003,78.300003,79.300003,79.300003,25963685
25-07-2018,79.599998,80.449997,78.400002,79.25,79.25,17521847
26-07-2018,80.099998,81.75,79.699997,80.849998,80.849998,46087316
27-07-2018,81.099998,84.449997,80.849998,82,82,59634047
30-07-2018,83.25,86.949997,83.25,85.900002,85.900002,81035764
31-07-2018,86,87.199997,84.300003,85.099998,85.099998,37202427
01-08-2018,85.099998,88.699997,84.5,87.400002,87.400002,42891508
02-08-2018,86.099998,86.699997,84.449997,85.150002,85.150002,38618382
03-08-2018,85.699997,89.300003,85.5,88.150002,88.150002,60845280
06-08-2018,89.5,90.699997,88.199997,90.050003,90.050003,49669291
07-08-2018,90.25,91.550003,82.5,82.849998,82.849998,139034363
08-08-2018,83.449997,83.599998,80.050003,80.449997,80.449997,60658357
09-08-2018,81.699997,83.849998,81.150002,83.400002,83.400002,45391038
10-08-2018,83.949997,84.75,82.599998,83.25,83.25,51034567
13-08-2018,82.5,82.650002,79.599998,80.400002,80.400002,30972235
14-08-2018,81,81.849998,79.5,79.900002,79.900002,20667786
16-08-2018,79.150002,82.75,78.650002,81.550003,81.550003,39893139
17-08-2018,82.5,83.900002,82.300003,83.449997,83.449997,25610532
20-08-2018,84,84.900002,82.800003,84.199997,84.199997,25753772
21-08-2018,84.25,84.900002,83.25,83.650002,83.650002,16719748
23-08-2018,83.699997,85.949997,82,84.5,84.5,26998678
24-08-2018,85.199997,87.900002,85.050003,85.800003,85.800003,62911086
27-08-2018,86.5,87.150002,85,85.25,85.25,25336814
28-08-2018,85.5,85.800003,82.5,82.900002,82.900002,24887374
29-08-2018,83.400002,84.800003,82.900002,84.150002,84.150002,23031862
30-08-2018,84.099998,85.900002,83.599998,85.099998,85.099998,40695329
31-08-2018,84.5,88.449997,83.650002,88.150002,88.150002,45793988
03-09-2018,88.300003,89.300003,86,86.349998,86.349998,30610408
04-09-2018,86.400002,86.849998,82.849998,83.150002,83.150002,25579702
05-09-2018,83.199997,83.849998,81.400002,83.099998,83.099998,21704587
06-09-2018,84,84.699997,82.849998,83.25,83.25,25079939
07-09-2018,83.349998,84.650002,82.449997,84.400002,84.400002,19594125
10-09-2018,83.75,85,82,82.699997,82.699997,21243030
11-09-2018,83.800003,84.5,81.400002,81.699997,81.699997,27909748
12-09-2018,81.800003,82.349998,79.199997,81.150002,81.150002,35789023
14-09-2018,82.699997,83.300003,82.050003,82.800003,82.800003,20505103
17-09-2018,82.400002,84.050003,81,83,83,26030699
18-09-2018,82.199997,82.599998,78.599998,79.300003,79.300003,37211584
19-09-2018,79.5,80.75,78.699997,79.25,79.25,24270870
21-09-2018,79.550003,80.349998,67.400002,72.849998,72.849998,50163352
24-09-2018,74,74.400002,68.650002,69.199997,69.199997,37491629
25-09-2018,69.150002,69.650002,63.650002,66.949997,66.949997,58214340
26-09-2018,68.150002,69.199997,66.25,67.050003,67.050003,43152887
27-09-2018,67.699997,67.699997,61.25,62.5,62.5,47047470
28-09-2018,62.549999,63.400002,58.450001,59.700001,59.700001,68264539
01-10-2018,60,63.549999,58.549999,63.200001,63.200001,39640035
03-10-2018,63.799999,66.349998,62.700001,64.650002,64.650002,42231670
04-10-2018,63.150002,65.5,62.849998,64.800003,64.800003,32208001
05-10-2018,65,66.349998,63,63.849998,63.849998,31872123
08-10-2018,64,64.599998,61.099998,62.849998,62.849998,29733364
09-10-2018,63.450001,63.900002,61.5,62.650002,62.650002,24773210
10-10-2018,62.799999,66.949997,62.299999,66.300003,66.300003,30162010
11-10-2018,64,66,63.099998,64.300003,64.300003,27655306
12-10-2018,65.099998,67.650002,65.050003,66.5,66.5,22188888
15-10-2018,67,67.949997,65.349998,67.550003,67.550003,21390663
16-10-2018,68.199997,70.349998,67.849998,69.949997,69.949997,21972857
17-10-2018,71,71.150002,66.099998,66.5,66.5,24801387
19-10-2018,66.199997,67.400002,65.25,66,66,18158920
22-10-2018,66.900002,67.449997,65.400002,65.699997,65.699997,16020570
23-10-2018,65.449997,66.25,63.849998,64.75,64.75,16070344
24-10-2018,65.800003,66.349998,64.599998,65.800003,65.800003,17199693
25-10-2018,65.199997,66.699997,65,65.650002,65.650002,23250113
26-10-2018,66,67.25,65.25,66.150002,66.150002,20915568
29-10-2018,66.849998,71.800003,65.599998,70.900002,70.900002,36931154
30-10-2018,71,75.25,70.75,72.550003,72.550003,43626784
31-10-2018,73.800003,74.25,71.699997,73.650002,73.650002,28632204
01-11-2018,74.400002,75,73.199997,74.300003,74.300003,21269555
02-11-2018,74.949997,78.699997,68.050003,69.050003,69.050003,91979581
05-11-2018,68.699997,70.949997,67.400002,70.400002,70.400002,33569269
06-11-2018,71.199997,71.550003,69.900002,70.599998,70.599998,18682517
07-11-2018,71,71.199997,70.599998,70.949997,70.949997,2459502
09-11-2018,71,72.400002,70.199997,71.650002,71.650002,16410330
12-11-2018,72,72.099998,69.699997,70.5,70.5,15610896
13-11-2018,68.5,70.300003,68.449997,70,70,16257056
14-11-2018,70.5,72.050003,70.099998,70.75,70.75,19262384
15-11-2018,70.75,71.599998,69.75,71.150002,71.150002,13633606
16-11-2018,71.400002,74.150002,70.599998,73.199997,73.199997,29393571
19-11-2018,73.900002,74.050003,72.5,73.300003,73.300003,17064185
20-11-2018,72.300003,74.300003,70.650002,71.300003,71.300003,22772511
21-11-2018,71.349998,73,71,72.699997,72.699997,15213307
22-11-2018,73,73.400002,71.400002,71.699997,71.699997,12316028
26-11-2018,72.099998,72.199997,69.849998,71.25,71.25,14534558
27-11-2018,71.25,73.150002,70.599998,72.449997,72.449997,18202285
28-11-2018,72.949997,73,69.099998,69.599998,69.599998,21486398
29-11-2018,70.099998,70.349998,68.849998,69.650002,69.650002,17242452
30-11-2018,70,70.5,69,69.900002,69.900002,14026529
03-12-2018,70,72,69.449997,71.449997,71.449997,15579155
04-12-2018,71.449997,71.900002,69.25,69.550003,69.550003,17168281
05-12-2018,69.5,70.099998,68.400002,68.949997,68.949997,15370028
06-12-2018,68.5,68.650002,65.849998,66.099998,66.099998,22242427
07-12-2018,66.400002,67,64.449997,66,66,21210644
10-12-2018,64.900002,65.849998,64,64.849998,64.849998,15452401
11-12-2018,63.5,69.150002,63.349998,68.699997,68.699997,33859505
12-12-2018,69.099998,72,69.050003,70.800003,70.800003,29040526
13-12-2018,71.599998,72.5,70.949997,71.349998,71.349998,18076633
14-12-2018,71,73.400002,70.800003,72.650002,72.650002,21183370
17-12-2018,72.800003,73.25,71.900002,72.849998,72.849998,11039826
18-12-2018,72.599998,75.800003,72.150002,74.25,74.25,33486536
19-12-2018,74.900002,77.25,74.75,76.949997,76.949997,29772662
20-12-2018,76.400002,78.099998,75.650002,76.099998,76.099998,28834262
21-12-2018,77.75,78.800003,75.699997,76.349998,76.349998,40025985
24-12-2018,76.699997,77.349998,75.849998,76.699997,76.699997,20719115
26-12-2018,77,78.300003,74.699997,77.75,77.75,22820304
27-12-2018,78.449997,78.849998,77.300003,77.949997,77.949997,24709123
28-12-2018,78,79,77.900002,78.449997,78.449997,18081826
31-12-2018,78.699997,79.449997,77.849998,78.099998,78.099998,13924275
01-01-2019,78.599998,80,78.050003,79.800003,79.800003,18609031
02-01-2019,79.550003,80.400002,77.300003,77.849998,77.849998,27192314
03-01-2019,78.099998,78.949997,77.050003,77.849998,77.849998,18780736
04-01-2019,78,81.900002,77.650002,81.300003,81.300003,35324306
07-01-2019,82.449997,82.900002,80,80.550003,80.550003,21061552
08-01-2019,80.550003,81.949997,79.75,81.699997,81.699997,17598981
09-01-2019,82,82.150002,79.800003,80.699997,80.699997,18063915
10-01-2019,80.300003,81.650002,80.099998,81.25,81.25,15125630
11-01-2019,81.25,81.550003,80.349998,80.650002,80.650002,12150994
14-01-2019,80.349998,82.900002,79.099998,82.5,82.5,22990328
15-01-2019,82.849998,83.400002,81.5,81.949997,81.949997,14499042
16-01-2019,82,85,81.849998,84.25,84.25,30560868
17-01-2019,84.300003,85.050003,82.949997,84.550003,84.550003,22181000
18-01-2019,84.550003,84.849998,82.5,82.849998,82.849998,16185024
21-01-2019,82.849998,83.550003,79.650002,80.25,80.25,20063465
22-01-2019,80.199997,80.5,78.300003,78.599998,78.599998,17346423
23-01-2019,78.599998,79.400002,77.300003,77.75,77.75,12687561
24-01-2019,77.75,78.550003,77.25,78.099998,78.099998,13272022
25-01-2019,78.349998,80.449997,75.900002,76.599998,76.599998,19763289
28-01-2019,77,78.150002,75.75,76.099998,76.099998,19106196
29-01-2019,76.150002,78.5,75.550003,77.300003,77.300003,17793292
30-01-2019,77.75,78.25,76.699997,77.25,77.25,11238545
31-01-2019,77.699997,77.800003,75.449997,77.5,77.5,16757529
01-02-2019,78,78.400002,73.550003,73.900002,73.900002,25916009
04-02-2019,74.050003,74.099998,71.050003,73.150002,73.150002,22905988
05-02-2019,74.5,76.5,72,73.400002,73.400002,70132820
06-02-2019,74.099998,75.650002,72.800003,75.199997,75.199997,27503709
07-02-2019,75.650002,76.599998,74.849998,75.650002,75.650002,23866199
08-02-2019,75,75,70.650002,71.199997,71.199997,31290303
11-02-2019,71.400002,71.449997,70.300003,70.849998,70.849998,18322730
12-02-2019,71.199997,72.25,70.849998,71.349998,71.349998,13405209
14-02-2019,69.5,72.650002,68.699997,72.25,72.25,18981245
15-02-2019,72,73.199997,69.400002,70.050003,70.050003,22508284
18-02-2019,70.25,71.099998,68.699997,69,69,17183987
19-02-2019,69.300003,71.5,69.099998,69.949997,69.949997,18800655
20-02-2019,70.400002,71.449997,70.25,71.099998,71.099998,14646666
21-02-2019,76,76,72.650002,73.150002,73.150002,47884317
22-02-2019,72.949997,73.949997,72.5,73.199997,73.199997,17255280
25-02-2019,73.400002,73.75,72.900002,73.5,73.5,10143437
26-02-2019,72.800003,72.800003,70.099998,71.849998,71.849998,24903931
27-02-2019,72.5,73.599998,70.949997,71.5,71.5,24053517
28-02-2019,71.550003,72.699997,71.449997,72.300003,72.300003,16139027
01-03-2019,73,77,72.699997,76.650002,76.650002,37660508
05-03-2019,77,83.349998,76.25,82.650002,82.650002,50845208
06-03-2019,82.699997,83.800003,81.400002,82.400002,82.400002,27381377
07-03-2019,82.449997,86.199997,81.300003,85.449997,85.449997,48792690
08-03-2019,85.349998,85.849998,83.599998,83.800003,83.800003,26190794
11-03-2019,84.099998,86.449997,84.099998,85.849998,85.849998,23446148
12-03-2019,86.75,87.349998,84.75,85.400002,85.400002,28275260
13-03-2019,85.199997,85.949997,83.300003,84.849998,84.849998,26167126
14-03-2019,85.050003,85.75,83.699997,84.449997,84.449997,23309588
15-03-2019,85.300003,87.300003,85.099998,86.050003,86.050003,47765635
18-03-2019,86.449997,87.099998,85.050003,86.650002,86.650002,28960560
19-03-2019,87.650002,91.949997,87.5,90.5,90.5,76686943
20-03-2019,91,94.150002,89.349998,93.550003,93.550003,65416389
22-03-2019,95.949997,95.949997,90.599998,91.550003,91.550003,69603817
25-03-2019,89.550003,91.25,89.199997,90.300003,90.300003,30226076
26-03-2019,91.199997,93.099998,90.699997,92.5,92.5,24611358
27-03-2019,93.5,95.050003,92.800003,93.400002,93.400002,44404743
28-03-2019,93.900002,95.800003,93.349998,95.349998,95.349998,43461013
01-04-2019,96.099998,99.900002,96.099998,97.5,97.5,51690683
02-04-2019,97.650002,99.800003,96.050003,98.300003,98.300003,52878919
03-04-2019,99.400002,99.800003,93.900002,94.449997,94.449997,52523325
04-04-2019,94,95.75,92.849998,93.650002,93.650002,45741687
05-04-2019,94.300003,94.75,92,93.099998,93.099998,30275193
08-04-2019,93.75,95,92.300003,93.099998,93.099998,34248451
09-04-2019,93.199997,94.650002,91.599998,94.349998,94.349998,35537791
10-04-2019,94,94.949997,93.050003,93.349998,93.349998,24772662
11-04-2019,93.400002,93.550003,92,92.699997,92.699997,20082380
12-04-2019,92.800003,93.599998,92.199997,93.349998,93.349998,20151855
15-04-2019,93.800003,94.449997,93,93.849998,93.849998,17833602
16-04-2019,93.5,93.949997,92.349998,92.800003,92.800003,16776973
18-04-2019,92.550003,92.800003,89.699997,90.050003,90.050003,24453025
22-04-2019,89.900002,90,86.150002,86.650002,86.650002,22607916
23-04-2019,86.550003,89,86.5,87.199997,87.199997,26099019
24-04-2019,87.699997,88.800003,86.75,88.349998,88.349998,20354853
25-04-2019,88,89.150002,86.050003,86.75,86.75,20631056
26-04-2019,87.449997,88.400002,86.449997,88.150002,88.150002,20387608
30-04-2019,88.150002,88.150002,83.599998,84.900002,84.900002,26321705
02-05-2019,84.25,87.849998,84,86.099998,86.099998,27331709
03-05-2019,86.949997,87.800003,86.300003,87.150002,87.150002,20112657
06-05-2019,86.349998,87.550003,85.599998,86.25,86.25,17151414
07-05-2019,86.699997,87.150002,83.400002,83.949997,83.949997,16356567
08-05-2019,83.75,85.400002,83.25,83.949997,83.949997,23380690
09-05-2019,84.099998,85.349998,82.800003,84.25,84.25,22934344
10-05-2019,85,87.25,84.400002,86.25,86.25,21821500
13-05-2019,86.150002,86.199997,79.050003,79.800003,79.800003,34293332
14-05-2019,79.25,83.599998,78.25,82.949997,82.949997,31711482
15-05-2019,82.949997,83.449997,81.900002,82.300003,82.300003,21976945
16-05-2019,82.949997,82.949997,79.400002,81,81,23116401
17-05-2019,80.599998,83.400002,79.349998,82.75,82.75,26209661
20-05-2019,86.5,89.349998,85.550003,88.349998,88.349998,34758878
21-05-2019,88.449997,89,84.900002,86.099998,86.099998,23867211
22-05-2019,85.599998,85.699997,82.650002,84.599998,84.599998,31628934
23-05-2019,87,89.75,83,83.699997,83.699997,47589021
24-05-2019,84.400002,88.849998,84.050003,88.199997,88.199997,32158634
27-05-2019,87.900002,91.199997,87.650002,89.25,89.25,34857012
28-05-2019,90.199997,90.900002,85.099998,86.199997,86.199997,86522613
29-05-2019,85,85.400002,81.300003,81.75,81.75,51078577
30-05-2019,82.349998,83.050003,80.699997,81.449997,81.449997,37358698
31-05-2019,82.199997,82.900002,79.599998,80.650002,80.650002,35572365
03-06-2019,80.699997,82.400002,79.349998,82.050003,82.050003,29457340
04-06-2019,81.900002,83.900002,81.5,82.400002,82.400002,31249718
06-06-2019,81,82.349998,79.199997,79.550003,79.550003,35181677
07-06-2019,79.099998,79.900002,77.599998,79.199997,79.199997,33275828
10-06-2019,80.400002,80.699997,76.699997,77.349998,77.349998,29534574
11-06-2019,77.949997,79.150002,76.849998,78.599998,78.599998,25936557
12-06-2019,78.449997,79.900002,78.150002,79.199997,79.199997,23155948
13-06-2019,77.150002,77.949997,73.599998,76.199997,76.199997,49608986
14-06-2019,76.400002,77.800003,76.199997,76.75,76.75,22721581
17-06-2019,77,77.400002,75.650002,75.949997,75.949997,18921910
18-06-2019,75.449997,77.349998,74.550003,75.449997,75.449997,26823879
19-06-2019,75.25,76.300003,74,75.400002,75.400002,34490842
20-06-2019,75.800003,77.25,75,76.949997,76.949997,22588627
21-06-2019,76.849998,78.150002,76.25,76.900002,76.900002,25095277
24-06-2019,77,77.599998,76.300003,76.849998,76.849998,17893572
25-06-2019,76.699997,77.550003,76.300003,77.099998,77.099998,16276002
26-06-2019,77.150002,79.449997,76.650002,78.900002,78.900002,21804139
27-06-2019,79,79.849998,77.699997,78,78,23598349
28-06-2019,78.5,81.699997,78,79.550003,79.550003,47346971
01-07-2019,80,81.199997,78.900002,80.849998,80.849998,26338247
02-07-2019,80.900002,81.150002,79.699997,80.349998,80.349998,17961136
03-07-2019,80.400002,81.599998,80,81.25,81.25,20020055
04-07-2019,81.5,83.300003,81.5,82.050003,82.050003,26764988
05-07-2019,82.5,83.400002,80.849998,81.800003,81.800003,40061878
08-07-2019,76.300003,77.949997,72.400002,72.800003,72.800003,87010832
09-07-2019,71.800003,74.650002,71,74.349998,74.349998,43627267
10-07-2019,74.800003,74.900002,72,72.75,72.75,24105866
11-07-2019,73.050003,74.849998,72.75,74.550003,74.550003,20781285
12-07-2019,74.599998,75.900002,73.599998,75.400002,75.400002,22566078
15-07-2019,75,75.25,72.699997,73.449997,73.449997,21449333
16-07-2019,73.900002,76.150002,73.599998,75.75,75.75,17846669
17-07-2019,75.800003,76.150002,74.400002,75.349998,75.349998,18013838
18-07-2019,75.349998,75.75,72.449997,73.199997,73.199997,19957328
19-07-2019,73.550003,73.800003,72.300003,72.800003,72.800003,16487819
22-07-2019,72.699997,73.550003,71.449997,72.5,72.5,16500579
23-07-2019,72.800003,73,68,68.400002,68.400002,35441004
24-07-2019,68.400002,69.800003,67.75,68.199997,68.199997,25494368
25-07-2019,68.400002,69,65.599998,66.050003,66.050003,25800387
26-07-2019,66.5,69.650002,65.949997,68,68,58777562
29-07-2019,68.849998,70.300003,67.650002,69.300003,69.300003,37353477
30-07-2019,69.199997,69.650002,66.300003,66.900002,66.900002,27726952
31-07-2019,67,69.5,66.599998,69.199997,69.199997,27462579
01-08-2019,69,69.199997,66.400002,67.5,67.5,21663053
02-08-2019,67.5,68.900002,66.699997,67.650002,67.650002,29730137
05-08-2019,67,68.25,64.400002,66.599998,66.599998,32274653
06-08-2019,66.699997,68.349998,66.099998,67.949997,67.949997,26632468
07-08-2019,68.25,68.699997,63.549999,64.050003,64.050003,40538912
08-08-2019,64.599998,66.900002,64.199997,66.650002,66.650002,27336537
09-08-2019,66.75,67.550003,65.550003,66.550003,66.550003,21976833
13-08-2019,66.699997,67.550003,65.050003,65.349998,65.349998,17405138
14-08-2019,65.900002,66.349998,64.900002,65.550003,65.550003,18151481
16-08-2019,65.550003,68.449997,64.949997,68.099998,68.099998,25110812
19-08-2019,67.949997,69.099998,66.900002,67.300003,67.300003,20209221
20-08-2019,67.5,67.75,64.599998,65.599998,65.599998,17727108
21-08-2019,65.75,66.400002,63.25,64.050003,64.050003,19166301
22-08-2019,64.099998,64.300003,61.099998,61.450001,61.450001,18829140
23-08-2019,61.5,64,60.950001,63.599998,63.599998,20845415
26-08-2019,68,68,63.400002,65.75,65.75,31694402
27-08-2019,66.800003,68.199997,66.300003,67.150002,67.150002,22567673
28-08-2019,67.300003,67.949997,64.900002,65.650002,65.650002,17166214
29-08-2019,65.550003,66.150002,63.75,65.050003,65.050003,14663681
30-08-2019,65.25,65.900002,63.349998,64.900002,64.900002,25573307
03-09-2019,62,62.400002,59.049999,59.400002,59.400002,68369998
04-09-2019,59.900002,60.349998,58.700001,59.900002,59.900002,34213414
05-09-2019,61.650002,61.900002,60.5,61.099998,61.099998,30641680
06-09-2019,61.349998,61.599998,60.799999,61.299999,61.299999,19597727
09-09-2019,61.299999,62.849998,60.650002,62.599998,62.599998,21700960
11-09-2019,62.599998,65,62.599998,64.849998,64.849998,24414845
12-09-2019,64.550003,65.5,64.25,64.550003,64.550003,21906448
13-09-2019,64.550003,65.199997,62.799999,64.900002,64.900002,21379499
16-09-2019,64.150002,65.650002,63.799999,64.550003,64.550003,16196194
17-09-2019,64.699997,65,62.150002,62.400002,62.400002,16357780
18-09-2019,62.849998,63.5,62.5,62.950001,62.950001,16492807
19-09-2019,62.900002,63,61.049999,61.950001,61.950001,18163200
20-09-2019,61.950001,66.800003,61.400002,65.699997,65.699997,47299267
23-09-2019,67,68,64.900002,66.849998,66.849998,33276056
24-09-2019,66.5,67.099998,65.550003,66.150002,66.150002,19184229
25-09-2019,65.5,65.599998,62.650002,63.299999,63.299999,18395852
26-09-2019,63.599998,65.599998,62.599998,62.799999,62.799999,48382199
27-09-2019,62.900002,63.700001,62.349998,62.849998,62.849998,22426450
30-09-2019,63.25,63.349998,61.049999,61.950001,61.950001,22597574
01-10-2019,62.950001,62.950001,56.349998,58.700001,58.700001,34976291
03-10-2019,58.5,59.950001,57.849998,59.049999,59.049999,22655441
04-10-2019,59.599998,59.950001,57.700001,57.950001,57.950001,25074289
07-10-2019,58,58.200001,56.950001,57.25,57.25,19987686
09-10-2019,57.25,58.799999,56.400002,58.450001,58.450001,26996456
10-10-2019,58.049999,58.200001,56.200001,56.450001,56.450001,22677919
11-10-2019,56.650002,57.5,55.700001,56.900002,56.900002,24739349
14-10-2019,57.200001,58.400002,56.75,57.299999,57.299999,17778101
15-10-2019,57.299999,58.150002,56.700001,57.900002,57.900002,14261673
16-10-2019,58.150002,58.799999,57.049999,57.349998,57.349998,15653116
17-10-2019,57.400002,59.299999,57.049999,59.049999,59.049999,21574463
18-10-2019,58.900002,60.700001,58.5,60.25,60.25,16943401
22-10-2019,60.25,62.25,59.900002,60.75,60.75,19791117
23-10-2019,60.75,61.950001,59.849998,61.299999,61.299999,16038768
24-10-2019,61.599998,61.849998,59.150002,59.75,59.75,17901412
25-10-2019,59.5,61.25,58.700001,60.700001,60.700001,26581062
27-10-2019,61,61.400002,60.700001,60.950001,60.950001,2135895
29-10-2019,60.549999,62.599998,60.299999,61.950001,61.950001,17171226
30-10-2019,61.900002,64.150002,61.849998,63.700001,63.700001,23374034
31-10-2019,64.300003,66.849998,64.099998,65.349998,65.349998,36722788
01-11-2019,65.599998,67.75,65.099998,67.150002,67.150002,29095991
04-11-2019,67.800003,69.650002,67.300003,68.199997,68.199997,39302621
05-11-2019,69,69.550003,64.25,64.75,64.75,80019705
06-11-2019,64.449997,65.099998,63.299999,64.25,64.25,33999037
07-11-2019,64.25,64.599998,61.75,61.950001,61.950001,30285269
08-11-2019,61.849998,62.599998,61.099998,61.450001,61.450001,18136704
11-11-2019,61.299999,62.150002,61.099998,61.700001,61.700001,15124948
13-11-2019,61.849998,62.5,60.049999,60.299999,60.299999,16397965
14-11-2019,60.400002,60.950001,58.849998,60.299999,60.299999,18317596
15-11-2019,60.900002,63.799999,60.799999,61.900002,61.900002,38997998
18-11-2019,62.25,63.099998,61.799999,62.400002,62.400002,18394808
19-11-2019,62.049999,64.849998,62.049999,64.150002,64.150002,30508426
20-11-2019,64.5,65.25,63.400002,63.900002,63.900002,21268472
21-11-2019,64,64.75,63.099998,63.25,63.25,13725241
22-11-2019,63.200001,64.699997,63.200001,63.650002,63.650002,14442645
25-11-2019,64,64.599998,63.650002,64.400002,64.400002,14112251
26-11-2019,64.75,65.349998,62.799999,63.200001,63.200001,19618525
27-11-2019,63.599998,63.900002,62.849998,63.700001,63.700001,13339079
28-11-2019,64.300003,67.5,64.050003,66.949997,66.949997,45071597
29-11-2019,67.050003,67.699997,65.349998,65.599998,65.599998,23394380
02-12-2019,65.650002,66.400002,65.099998,65.75,65.75,12741871
03-12-2019,66,66,62.75,62.900002,62.900002,16420022
04-12-2019,62.799999,63.950001,61.450001,63.75,63.75,26007180
05-12-2019,64,64.449997,62.099998,62.299999,62.299999,18691755
06-12-2019,62.549999,62.700001,59.900002,60.200001,60.200001,22533285
09-12-2019,60.299999,61.799999,59.549999,60.799999,60.799999,18832854
10-12-2019,60.700001,61.099998,59.400002,59.650002,59.650002,15190374
11-12-2019,59.900002,60.5,58.5,59.549999,59.549999,14808042
12-12-2019,59.950001,61.049999,59.650002,60.799999,60.799999,13593777
13-12-2019,61.25,64.650002,61.099998,64.449997,64.449997,29859768
16-12-2019,63.099998,64.300003,62.599998,63.700001,63.700001,22898690
17-12-2019,63.799999,65.650002,63.75,64.699997,64.699997,18888141
18-12-2019,64.650002,64.650002,62.700001,63.200001,63.200001,15891877
19-12-2019,62.900002,63.900002,62.599998,63.599998,63.599998,15124580
20-12-2019,63.849998,65.349998,63.650002,64.650002,64.650002,20145673
23-12-2019,64.099998,64.699997,63.25,63.650002,63.650002,13309646
24-12-2019,63.75,64.050003,63.299999,63.5,63.5,10561775
26-12-2019,63.400002,63.75,62.599998,62.799999,62.799999,16804192
27-12-2019,63.299999,66.449997,63.25,65.349998,65.349998,30080465
30-12-2019,65.25,65.300003,63.700001,64.400002,64.400002,12929929
31-12-2019,64.400002,64.849998,64,64.349998,64.349998,10660714
01-01-2020,64.5,65.050003,63.950001,64.699997,64.699997,8568946
02-01-2020,65,67,64.550003,66.699997,66.699997,26059066
03-01-2020,66.550003,66.550003,64.599998,65.050003,65.050003,14906983
06-01-2020,64.900002,64.900002,61,61.400002,61.400002,24078755
07-01-2020,62.099998,63.099998,61,61.849998,61.849998,20436567
08-01-2020,61,61.599998,60.150002,60.849998,60.849998,22182671
09-01-2020,62.299999,63,61.799999,62.599998,62.599998,18885640
10-01-2020,62.950001,63.849998,62.049999,62.450001,62.450001,17939103
13-01-2020,62.75,63.349998,62.599998,63.200001,63.200001,13131132
14-01-2020,63.200001,64.099998,62.400002,62.799999,62.799999,13837799
15-01-2020,62.849998,63.700001,61.900002,63.400002,63.400002,13919689
16-01-2020,63.400002,63.950001,62.75,63.349998,63.349998,12146474
17-01-2020,62.900002,63.900002,61.299999,63.25,63.25,18351080
20-01-2020,64.099998,64.099998,61.349998,61.599998,61.599998,16226531
21-01-2020,61.549999,62.299999,61.25,61.450001,61.450001,13678963
22-01-2020,62.099998,62.200001,60.650002,61,61,15241802
23-01-2020,61.049999,62.349998,61,61.799999,61.799999,14136138
24-01-2020,61.75,62.799999,61.650002,62.349998,62.349998,10845058
27-01-2020,61.950001,62.25,61.099998,61.349998,61.349998,11436816
28-01-2020,61.5,61.799999,60.25,60.5,60.5,12294470
29-01-2020,61.099998,61.5,60.799999,60.950001,60.950001,11064733
30-01-2020,61.099998,61.25,59.650002,59.950001,59.950001,13591961
31-01-2020,60.349998,61.200001,59.799999,60.450001,60.450001,15449355
03-02-2020,58.799999,59.150002,57.099998,57.349998,57.349998,18930405
04-02-2020,57.900002,58.950001,56.299999,56.799999,56.799999,48174279
05-02-2020,56.25,57.299999,56.099998,56.900002,56.900002,23905101
06-02-2020,57.349998,59.299999,56.900002,58.650002,58.650002,26534154
07-02-2020,58.799999,59.400002,58.150002,58.799999,58.799999,14094876
10-02-2020,58.75,58.900002,56.950001,57.25,57.25,12866342
11-02-2020,57.75,58,56.75,56.950001,56.950001,10942526
12-02-2020,57.450001,57.450001,55.150002,55.5,55.5,16371273
13-02-2020,55.900002,56.200001,55,55.400002,55.400002,12379436
14-02-2020,55.700001,56.049999,54,54.200001,54.200001,15654307
17-02-2020,54.099998,54.349998,51.650002,51.950001,51.950001,18893364
18-02-2020,51.900002,52.5,49.900002,52,52,22621843
19-02-2020,52.5,53.099998,51.700001,52.700001,52.700001,13554123
20-02-2020,52.5,53.700001,52.049999,52.849998,52.849998,14961174
24-02-2020,51.849998,51.849998,50.099998,50.349998,50.349998,20135592
25-02-2020,50.400002,50.700001,49.75,49.900002,49.900002,15899668
26-02-2020,49.450001,50.099998,49,49.150002,49.150002,18056503
27-02-2020,49.099998,49.299999,46.799999,46.950001,46.950001,26564325
28-02-2020,45.25,46.349998,44.299999,45.049999,45.049999,28222955
02-03-2020,46.299999,46.599998,42.099998,42.75,42.75,24375256
03-03-2020,42.75,45,42.75,44.5,44.5,30389904
04-03-2020,44.75,44.950001,43.049999,44.450001,44.450001,24911682
05-03-2020,44.5,45.950001,42.700001,45,45,29076191
06-03-2020,41.650002,43.200001,40.950001,42.349998,42.349998,23178204
09-03-2020,41.150002,41.5,39.349998,39.75,39.75,23193045
11-03-2020,39.75,40.650002,37.900002,38.450001,38.450001,29799814
12-03-2020,35.349998,36.299999,33.099998,33.75,33.75,45668907
13-03-2020,31.200001,38.150002,28.049999,37.400002,37.400002,46283310
16-03-2020,36,36.400002,34.549999,35.799999,35.799999,26750745
17-03-2020,36.5,37.200001,34.950001,35.299999,35.299999,28305181
18-03-2020,36,39.25,33.900002,36.75,36.75,41726476
19-03-2020,35,39.400002,34.299999,37.200001,37.200001,38504085
20-03-2020,37.5,39,36.700001,38.049999,38.049999,34438012
23-03-2020,35.950001,37.5,34.700001,35.400002,35.400002,18562456
24-03-2020,37,37.5,35.400002,36.299999,36.299999,26934600
25-03-2020,36,36.349998,33.150002,34.299999,34.299999,24605185
26-03-2020,34.549999,35.799999,33.200001,33.400002,33.400002,29576021
27-03-2020,34.5,35.950001,33.25,33.450001,33.450001,30678500
30-03-2020,33.400002,33.900002,32.349998,32.900002,32.900002,16722670
31-03-2020,33.700001,33.700001,32.200001,32.349998,32.349998,18297010
01-04-2020,32.5,32.5,30.25,30.450001,30.450001,26645369
03-04-2020,30.5,30.700001,29.25,29.65,29.65,20693435
07-04-2020,30.5,30.5,29.65,30.049999,30.049999,21958544
08-04-2020,29.9,31.6,29.4,30.5,30.5,29665371
09-04-2020,30.700001,31.9,30.6,31.4,31.4,23013811
13-04-2020,31.75,31.75,30.299999,31.35,31.35,16584216
15-04-2020,31.549999,32.599998,30.6,31.1,31.1,22095245
16-04-2020,31.1,31.5,30.549999,31.049999,31.049999,19994392
17-04-2020,32.25,32.75,31,31.799999,31.799999,28207182
20-04-2020,32.099998,33.900002,31.4,32.849998,32.849998,41209050
21-04-2020,32.299999,32.349998,30.950001,31.1,31.1,21855708
22-04-2020,31,31.25,30.200001,31.1,31.1,18792906
23-04-2020,31.5,31.75,31,31.200001,31.200001,19387746
24-04-2020,30.700001,31.1,30.15,30.200001,30.200001,14350195
27-04-2020,30.4,30.9,30.299999,30.75,30.75,11950694
28-04-2020,30.799999,31.35,30.700001,31.25,31.25,11779908
29-04-2020,31.299999,32.5,31.1,32.299999,32.299999,18718847
30-04-2020,32.700001,33.700001,32.099998,32.299999,32.299999,31458387
04-05-2020,30.9,31.1,29.9,30.15,30.15,21840848
05-05-2020,30.5,30.75,29.049999,29.200001,29.200001,19121106
06-05-2020,29.200001,29.6,28.5,29.35,29.35,18005225
07-05-2020,29.15,30.25,28.9,29.700001,29.700001,14824828
08-05-2020,29.85,30.200001,29.049999,29.200001,29.200001,14357669
11-05-2020,29.4,29.5,28.700001,28.799999,28.799999,16324765
12-05-2020,28.5,29.200001,27.9,28.700001,28.700001,21778045
13-05-2020,30.299999,31,29.450001,30.6,30.6,38941451
14-05-2020,30.15,30.549999,29.1,29.299999,29.299999,22669889
15-05-2020,29.299999,29.6,28.6,28.799999,28.799999,18837162
18-05-2020,28.9,28.950001,26.75,27.35,27.35,28519760
19-05-2020,27.6,27.75,26.5,26.6,26.6,25287021
20-05-2020,26.6,26.9,26.299999,26.6,26.6,17209079
21-05-2020,26.6,27.65,26.299999,27,27,26589981
22-05-2020,26.700001,27.65,26.4,26.65,26.65,27654790
26-05-2020,26.799999,27.049999,26.450001,26.700001,26.700001,17284784
27-05-2020,26.700001,27.65,26.549999,27.5,27.5,27037903
28-05-2020,27.6,27.9,26.6,26.75,26.75,41838377
29-05-2020,26.65,27.35,26.35,26.75,26.75,35142537
01-06-2020,27.4,30.1,27,29.200001,29.200001,72815551
02-06-2020,29.299999,29.700001,28.6,29.25,29.25,40249766
03-06-2020,29.799999,31.6,29.6,30.25,30.25,86251403
04-06-2020,29.950001,32.599998,29.700001,31,31,127139095
05-06-2020,31.5,34.099998,31.4,33.75,33.75,96114143
08-06-2020,35.5,35.5,32.25,32.599998,32.599998,103763917
09-06-2020,33,33.5,31.5,31.799999,31.799999,63883963
10-06-2020,32,34.099998,31.65,33.849998,33.849998,83659985
11-06-2020,34.5,35.200001,32.549999,32.799999,32.799999,97137720
12-06-2020,31,33.200001,30.9,33.049999,33.049999,51625110
15-06-2020,33,34.150002,32.049999,33.650002,33.650002,50672408
16-06-2020,34.5,34.849998,31.9,33.150002,33.150002,62031926
17-06-2020,32.900002,33.900002,32.5,33.150002,33.150002,48129227
18-06-2020,33.099998,34.200001,32.900002,33.900002,33.900002,41940209
19-06-2020,34.5,34.650002,33.900002,34.5,34.5,47807176
22-06-2020,35.849998,36,35,35.799999,35.799999,89826409
23-06-2020,36,37.900002,35.900002,37.450001,37.450001,83901309
24-06-2020,38,38.400002,36.25,36.5,36.5,70619520
25-06-2020,36.299999,37.599998,35.549999,37.099998,37.099998,57452358
26-06-2020,37.650002,37.950001,36.400002,36.599998,36.599998,37644978
29-06-2020,36.200001,36.400002,35.150002,35.349998,35.349998,29067559
30-06-2020,35.799999,36.150002,34.549999,34.75,34.75,22906001
01-07-2020,35,36.549999,34.5,36.400002,36.400002,39413754
02-07-2020,36.599998,37.049999,36.099998,36.25,36.25,26984117
03-07-2020,36.5,36.549999,35.799999,35.950001,35.950001,19474324
06-07-2020,36.25,37.299999,36,37.099998,37.099998,36388175
07-07-2020,37.299999,37.349998,36.099998,36.799999,36.799999,33765918
08-07-2020,36.650002,38.75,36.599998,37.25,37.25,81536214
09-07-2020,37.799999,38,36.849998,37.099998,37.099998,38093561
10-07-2020,35.849998,36.099998,34.599998,35.049999,35.049999,101789230
13-07-2020,35.400002,35.450001,34.299999,34.549999,34.549999,28822642
14-07-2020,34.400002,34.450001,33.400002,33.549999,33.549999,22087745
15-07-2020,33.700001,34.150002,32.75,33,33,22966651
16-07-2020,33,33.450001,32.25,33.25,33.25,17806805
17-07-2020,33.450001,33.799999,33.200001,33.599998,33.599998,15740313
20-07-2020,33.900002,34.75,33.599998,34.549999,34.549999,19422869
21-07-2020,34.950001,35.200001,34.299999,34.75,34.75,25336284
22-07-2020,34.849998,35.099998,33.900002,34.25,34.25,26175681
23-07-2020,34.099998,34.700001,34.049999,34.299999,34.299999,18325343
24-07-2020,34.099998,34.200001,33.150002,33.549999,33.549999,20991861
27-07-2020,33.650002,33.650002,32.25,32.299999,32.299999,22869574
28-07-2020,32.349998,32.650002,31.75,32.099998,32.099998,24366835
29-07-2020,32.099998,33.549999,32.099998,32.75,32.75,28066086
30-07-2020,32.799999,33.099998,31.65,31.75,31.75,26795059
31-07-2020,31.9,32.150002,31.25,31.950001,31.950001,30715605
03-08-2020,32,33.349998,31.85,32.900002,32.900002,36462460
04-08-2020,32.849998,32.900002,32.049999,32.5,32.5,21120742
05-08-2020,32.650002,33.150002,32.450001,32.599998,32.599998,17765292
06-08-2020,32.599998,32.900002,32.25,32.349998,32.349998,21224081
07-08-2020,32.5,32.950001,32.25,32.799999,32.799999,18254674
10-08-2020,33,33.299999,32.700001,32.849998,32.849998,18269324
11-08-2020,32.799999,33.099998,32.5,32.849998,32.849998,16076250
12-08-2020,33,34.700001,33,33.799999,33.799999,60046401
13-08-2020,34,34.299999,32.900002,33.25,33.25,24293216
14-08-2020,33.5,33.5,31.950001,32.25,32.25,27201356
17-08-2020,32.549999,32.599998,31.85,32.450001,32.450001,21850726
18-08-2020,32.549999,33,32.200001,32.849998,32.849998,25200592
19-08-2020,34.25,34.599998,33.700001,34.200001,34.200001,64987250
20-08-2020,34,35.25,33.599998,35.099998,35.099998,45593468
21-08-2020,35.25,36.700001,35.25,35.650002,35.650002,68760804
24-08-2020,36.450001,36.599998,34.900002,35.299999,35.299999,38104044
25-08-2020,35.299999,35.650002,35.099998,35.200001,35.200001,24142450
26-08-2020,35.650002,35.700001,35.200001,35.400002,35.400002,18538663
27-08-2020,35.400002,36.450001,35.150002,35.299999,35.299999,44653828
28-08-2020,35.5,37.400002,35.5,37.049999,37.049999,85959987
31-08-2020,38.200001,38.599998,34.700001,35.049999,35.049999,75996857
01-09-2020,35.200001,35.75,33.799999,34.700001,34.700001,42207150
02-09-2020,35,35.150002,34.150002,34.799999,34.799999,29193200
03-09-2020,34.900002,35.049999,34.400002,34.5,34.5,13929020
04-09-2020,33.799999,34.200001,33.5,33.650002,33.650002,20522901
07-09-2020,33.849998,34.049999,33.5,33.799999,33.799999,16504375
08-09-2020,33.799999,34,33.400002,33.650002,33.650002,13245081
09-09-2020,33,33.299999,32.549999,32.900002,32.900002,14722712
10-09-2020,33.200001,33.650002,33.150002,33.549999,33.549999,13592699
11-09-2020,33.299999,33.849998,33.299999,33.700001,33.700001,11540634
14-09-2020,33.799999,34.049999,33.349998,33.599998,33.599998,13826555
15-09-2020,33.950001,33.950001,33,33.299999,33.299999,23921967
16-09-2020,33.349998,33.700001,32.75,33.599998,33.599998,26126290
17-09-2020,33.25,33.549999,33,33.25,33.25,14159296
18-09-2020,33.349998,33.450001,32.349998,32.599998,32.599998,26475003
21-09-2020,32.549999,32.599998,30.4,30.65,30.65,28356034
22-09-2020,30.75,30.799999,29.5,30.049999,30.049999,30887287
23-09-2020,30.5,30.5,28.9,29.35,29.35,37098972
24-09-2020,28.950001,29.1,27.950001,28.049999,28.049999,26290043
25-09-2020,28.25,29.25,27.65,29.049999,29.049999,31735862
28-09-2020,29.5,30.25,29.200001,30.15,30.15,20887757
29-09-2020,30.200001,30.4,28.700001,29.1,29.1,30263021
30-09-2020,29,29,28.299999,28.549999,28.549999,26580672
01-10-2020,27.799999,29,27.700001,28,28,62176969
05-10-2020,28.4,28.85,28.049999,28.299999,28.299999,35375815
06-10-2020,28.450001,28.6,28.1,28.35,28.35,25184933
07-10-2020,28.35,28.549999,27.65,27.75,27.75,33248097
08-10-2020,28.049999,28.700001,27.75,27.799999,27.799999,31575254
09-10-2020,28,29,27.65,28.9,28.9,41073470
12-10-2020,29.299999,29.75,28.25,28.450001,28.450001,33394203
13-10-2020,28.4,28.5,27.75,27.85,27.85,25015960
14-10-2020,27.799999,28.35,27.5,28.15,28.15,32332343
15-10-2020,28.35,28.549999,27.5,27.700001,27.700001,18354893
16-10-2020,27.799999,27.950001,27.35,27.450001,27.450001,17640916
19-10-2020,27.75,28.049999,27.6,27.950001,27.950001,23518488
20-10-2020,27.9,27.9,27.25,27.35,27.35,19887927
21-10-2020,27.5,27.799999,27.049999,27.200001,27.200001,22428270
22-10-2020,27.200001,27.4,27.15,27.200001,27.200001,11303327
23-10-2020,27.4,27.5,27.200001,27.4,27.4,10787905
26-10-2020,27.549999,28.25,27.450001,28,28,32461849
27-10-2020,28,28,27.049999,27.35,27.35,37298613
28-10-2020,27.450001,27.65,26.950001,27.1,27.1,29350576
29-10-2020,27,27,26.299999,26.6,26.6,33996026
30-10-2020,26.799999,27.200001,26.5,26.75,26.75,25772525
02-11-2020,27.1,28.4,26.75,27.950001,27.950001,53642960
03-11-2020,28.049999,28.35,27.299999,27.799999,27.799999,72403902
04-11-2020,27.9,27.950001,26.950001,27.450001,27.450001,46812632
05-11-2020,27.700001,28.15,27.4,27.700001,27.700001,34167763
06-11-2020,27.75,28.200001,27.6,27.75,27.75,32382743
09-11-2020,27.950001,28.9,27.85,28.6,28.6,48174136
10-11-2020,28.9,29.799999,28.6,29.6,29.6,46493213
11-11-2020,29.799999,30.299999,28.85,29.25,29.25,49278768
12-11-2020,29.25,29.5,28.9,29.1,29.1,27200167
13-11-2020,29.15,29.549999,28.35,29.5,29.5,33735974
14-11-2020,30,30,29.5,29.6,29.6,5257310
17-11-2020,29.6,30.200001,29.4,29.85,29.85,30880948
18-11-2020,29.799999,31.25,29.6,30.85,30.85,78369100
19-11-2020,30.85,30.85,29.75,30,30,29648439
20-11-2020,29.950001,30.200001,29.549999,29.799999,29.799999,23624084
23-11-2020,29.950001,30.15,29.75,30.049999,30.049999,21909692
24-11-2020,30.299999,30.6,29.799999,30.4,30.4,30470938
25-11-2020,30.65,32.599998,30.549999,31.35,31.35,99621016
26-11-2020,31.4,32.200001,30.9,32.049999,32.049999,48077667
27-11-2020,32.150002,34.150002,32.049999,33.450001,33.450001,71951138
01-12-2020,33.900002,34.650002,33.299999,34.450001,34.450001,58487858
02-12-2020,34.549999,35.049999,33.5,33.950001,33.950001,77155079
03-12-2020,34.349998,36.049999,34.150002,35.799999,35.799999,90403528
04-12-2020,36.25,36.700001,34.75,35.650002,35.650002,120208081
07-12-2020,35.599998,36.400002,35.400002,35.75,35.75,82840809
08-12-2020,36,41.099998,35.900002,40.599998,40.599998,227310533
09-12-2020,42.200001,42.650002,39.150002,39.400002,39.400002,216961308
10-12-2020,39.400002,39.400002,38.099998,38.400002,38.400002,63379052
11-12-2020,38.599998,41.400002,38.599998,40.5,40.5,116536838
14-12-2020,41,41.5,40.700001,41.25,41.25,52117435
15-12-2020,41.25,41.299999,39.700001,40.599998,40.599998,56929480
16-12-2020,39.599998,39.599998,37.25,37.950001,37.950001,214696891
17-12-2020,38.150002,38.349998,36.75,37,37,66872650
18-12-2020,37.150002,37.150002,35.650002,36.549999,36.549999,63979156
21-12-2020,36,36.849998,33,34.099998,34.099998,73372682
22-12-2020,33.849998,34.75,31.700001,33.400002,33.400002,118459132
23-12-2020,32.099998,32.75,31.700001,31.799999,31.799999,178237037
24-12-2020,32.200001,32.599998,31.4,31.450001,31.450001,111190598
28-12-2020,31.85,32.900002,31.5,32.400002,32.400002,145990073
29-12-2020,32.900002,34.150002,32.799999,33.200001,33.200001,160162623
30-12-2020,33.700001,33.700001,32.349998,32.75,32.75,92597922
31-12-2020,32.799999,33.349998,32.400002,33.049999,33.049999,189388220
01-01-2021,33.299999,34.950001,33.099998,34.799999,34.799999,227528491
04-01-2021,35.400002,35.75,34.25,35.549999,35.549999,213599078
05-01-2021,35,35.700001,34.700001,35.599998,35.599998,142225084
06-01-2021,35.799999,36.400002,34.75,35.200001,35.200001,202327890
07-01-2021,35.799999,36,35.349998,35.450001,35.450001,94883129
08-01-2021,35.650002,35.900002,35.099998,35.400002,35.400002,80655853
11-01-2021,35.799999,35.799999,34.549999,34.900002,34.900002,76603154
12-01-2021,34.700001,36.950001,34.299999,36.5,36.5,183664727
13-01-2021,37,37.200001,35.25,36.599998,36.599998,227452083
14-01-2021,36.75,37.799999,36.400002,37,37,184172283
15-01-2021,37,37.5,35.5,35.950001,35.950001,142841953
18-01-2021,36,36.549999,35.099998,35.450001,35.450001,113003034
19-01-2021,35.950001,36.75,35.5,36.5,36.5,109008869
20-01-2021,36.75,37.299999,36.299999,36.950001,36.950001,132227405
21-01-2021,37.099998,37.400002,35.25,35.650002,35.650002,126279607
22-01-2021,35.799999,36.049999,34.200001,34.549999,34.549999,133649890
25-01-2021,35,35.099998,33.5,34.150002,34.150002,83484252
27-01-2021,34.099998,34.25,33.049999,33.349998,33.349998,69780206
28-01-2021,33,33.099998,31.9,32.549999,32.549999,130283571
29-01-2021,33,34.400002,32.5,33.349998,33.349998,125606644
01-02-2021,33.75,36,33.099998,35.75,35.75,200145354
02-02-2021,36.099998,36.849998,35.549999,36.200001,36.200001,199832087
03-02-2021,36.450001,38.75,35.700001,38.349998,38.349998,260980002
04-02-2021,38.5,41,38,40.5,40.5,384813812
05-02-2021,41.299999,42.75,39.700001,40.150002,40.150002,329090924
08-02-2021,40.950001,41.200001,37.75,38,38,208191094
09-02-2021,38.25,41.049999,37.349998,39.049999,39.049999,376625747
10-02-2021,38.799999,39.950001,38.650002,39.450001,39.450001,213081321
11-02-2021,39.450001,40.099998,38.599998,38.75,38.75,151510830
12-02-2021,39,39.650002,38.400002,38.799999,38.799999,158520381
15-02-2021,39.25,40.049999,39,39.549999,39.549999,127928424
16-02-2021,40,40.650002,39.099998,39.5,39.5,187520683
17-02-2021,39.5,42.5,39.299999,41.700001,41.700001,466579666
18-02-2021,42,44.299999,41.799999,43.799999,43.799999,365119300
19-02-2021,44.25,46.349998,41.200001,42.049999,42.049999,429882183
22-02-2021,42.549999,42.849998,40.200001,41.049999,41.049999,207909169
23-02-2021,41.299999,42.200001,40.650002,41,41,217940163
24-02-2021,41.450001,42.099998,41.25,41.799999,41.799999,76642692
25-02-2021,42.25,42.650002,41.75,41.900002,41.900002,133293103
26-02-2021,41,41.700001,40.349998,40.849998,40.849998,191695436
01-03-2021,41.400002,41.450001,40.549999,40.799999,40.799999,120923262
02-03-2021,41.150002,41.650002,40.700001,41,41,115358594
03-03-2021,41.400002,43.900002,41.25,43.549999,43.549999,238140740
04-03-2021,43,44.299999,42.450001,43.599998,43.599998,215065585
05-03-2021,43.599998,43.599998,41.299999,41.700001,41.700001,129772294
08-03-2021,42.200001,42.849998,41.599998,41.75,41.75,89990535
09-03-2021,41.950001,42.349998,40.75,41.599998,41.599998,77359752
10-03-2021,42,42.25,41.299999,41.5,41.5,48965330
12-03-2021,41.849998,41.950001,40.700001,41.049999,41.049999,59205010
15-03-2021,41.049999,41.099998,39.75,40.799999,40.799999,83777448
16-03-2021,41,41.400002,39.599998,39.799999,39.799999,99770550
17-03-2021,39.849998,39.950001,38.049999,38.400002,38.400002,89295594
18-03-2021,39,39.099998,36.650002,37.700001,37.700001,126241327
19-03-2021,37.200001,38.75,36.349998,38.450001,38.450001,135987432
22-03-2021,38.450001,38.549999,37.5,37.950001,37.950001,94389245
23-03-2021,37.849998,39.200001,37.799999,38.75,38.75,108051825
24-03-2021,38.650002,39.049999,36.75,37,37,118077858
25-03-2021,37,37,34.799999,35.5,35.5,190748444
26-03-2021,36.200001,36.400002,35.700001,36,36,100724564
30-03-2021,36.400002,36.700001,35.799999,36.150002,36.150002,94886069
31-03-2021,36.099998,37.650002,35.75,36.650002,36.650002,117399302
01-04-2021,37,38.5,36.799999,38.200001,38.200001,100007430
05-04-2021,38.549999,38.549999,36.200001,36.950001,36.950001,103941329
06-04-2021,36.950001,37.549999,36.25,37.049999,37.049999,94329535
07-04-2021,37.049999,38.099998,36.849998,37.599998,37.599998,96171649
08-04-2021,37.75,38.099998,37.349998,37.450001,37.450001,68360846
09-04-2021,37.349998,39,37.200001,37.849998,37.849998,130289882
12-04-2021,36.75,36.849998,33.299999,33.950001,33.950001,184407237
13-04-2021,34,35.299999,33.650002,35.099998,35.099998,147766538
15-04-2021,34.599998,35.349998,34.150002,34.75,34.75,115658330
16-04-2021,35,35.400002,34.5,34.799999,34.799999,100392762
19-04-2021,33.599998,33.799999,32.5,33.150002,33.150002,122301341
20-04-2021,34,34.200001,33.400002,33.700001,33.700001,117371947
22-04-2021,33.200001,34.150002,33.049999,33.900002,33.900002,100459282
23-04-2021,33.5,34.700001,33.400002,34,34,122182836
26-04-2021,34.25,34.700001,34.25,34.450001,34.450001,73069756
27-04-2021,34.400002,35.299999,34.349998,34.950001,34.950001,97206393
28-04-2021,35.200001,35.799999,35.049999,35.650002,35.650002,94894461
29-04-2021,35.799999,36.200001,34.900002,35.049999,35.049999,127130844
30-04-2021,34.549999,35.700001,34.5,34.849998,34.849998,95008214
03-05-2021,34.5,34.700001,34,34.5,34.5,105720320
04-05-2021,34.799999,39.200001,34.700001,37.450001,37.450001,426069700
05-05-2021,38.549999,38.700001,37.150002,37.450001,37.450001,178293892
06-05-2021,37.5,37.75,36.200001,36.400002,36.400002,114302420
07-05-2021,36.650002,36.950001,35.950001,36.25,36.25,110980908
10-05-2021,36.549999,36.700001,35,35.599998,35.599998,175653730
11-05-2021,34.849998,35.349998,33.75,35.049999,35.049999,231689524
12-05-2021,35.75,38.200001,35.549999,37.099998,37.099998,345869236
14-05-2021,37.799999,38.400002,36.5,36.799999,36.799999,185587845
17-05-2021,37.200001,37.799999,36.849998,37.650002,37.650002,108033820
18-05-2021,38.349998,38.349998,37.200001,37.349998,37.349998,91471489
19-05-2021,36.299999,36.849998,35.75,36.200001,36.200001,154514444
20-05-2021,36.5,37.900002,35.950001,37.5,37.5,339156585
21-05-2021,38,38.349998,37.549999,38.049999,38.049999,178307284
24-05-2021,39.200001,40.099998,38.75,39.799999,39.799999,277203783
25-05-2021,40.400002,40.5,39.200001,39.349998,39.349998,163516340
26-05-2021,39.5,40.25,39.049999,39.25,39.25,155307751
27-05-2021,39.5,42.400002,39.400002,42.150002,42.150002,511815455
28-05-2021,42.799999,42.799999,41,42.25,42.25,335658662
31-05-2021,42.349998,43.200001,41.599998,42.400002,42.400002,240394043
01-06-2021,42.549999,42.650002,41.099998,41.650002,41.650002,172714836
02-06-2021,41.900002,44.549999,41.599998,44,44,397167134
03-06-2021,44.5,45,43.400002,43.700001,43.700001,265127956
04-06-2021,43.549999,43.599998,42.950001,43.099998,43.099998,142152047
07-06-2021,43,43.099998,41.849998,42.099998,42.099998,157004801
08-06-2021,42.5,42.599998,41.299999,41.450001,41.450001,104992723
09-06-2021,41.549999,42.349998,40.049999,40.599998,40.599998,149730470
10-06-2021,41.099998,42.849998,41,42.5,42.5,208415707
11-06-2021,42.900002,43.099998,41.799999,42.049999,42.049999,91371585
14-06-2021,41.799999,43.75,40.400002,43.049999,43.049999,192209398
15-06-2021,42.900002,43.25,42.299999,42.400002,42.400002,72824813
16-06-2021,42.299999,42.900002,41.599998,41.75,41.75,70156923
17-06-2021,41.099998,42.099998,40.849998,41.099998,41.099998,79183021
18-06-2021,41.5,41.700001,38.900002,40.299999,40.299999,117416542
21-06-2021,39.5,41.900002,39.200001,41.700001,41.700001,116450769
22-06-2021,42.049999,42.75,41.049999,41.299999,41.299999,137367867
23-06-2021,41.5,42.950001,41.299999,42.25,42.25,205772277
24-06-2021,42.599998,42.799999,41.400002,41.549999,41.549999,109853745
25-06-2021,42,42.700001,41.700001,42.299999,42.299999,111022988
28-06-2021,42.950001,43.700001,42.599998,43.349998,43.349998,165596285
29-06-2021,43.450001,43.900002,42.900002,43,43,137925510
30-06-2021,43.25,43.450001,42.150002,42.299999,42.299999,88216025
01-07-2021,42.400002,42.75,42.150002,42.349998,42.349998,79292862
02-07-2021,42.549999,42.700001,41.900002,42.099998,42.099998,82307112
05-07-2021,42.400002,42.450001,41.950001,42.299999,42.299999,50276083
06-07-2021,42.200001,42.849998,41.5,41.849998,41.849998,60698228
07-07-2021,41.799999,42.049999,41.549999,41.700001,41.700001,41710161
08-07-2021,41.799999,42.25,40.900002,41.049999,41.049999,60454510
09-07-2021,41.099998,41.200001,40.849998,41,41,45122471
12-07-2021,41.099998,41.450001,40.799999,40.900002,40.900002,38587491
13-07-2021,41.049999,41.25,40.849998,40.900002,40.900002,33738717
14-07-2021,41,41.099998,40.549999,40.700001,40.700001,27627264
15-07-2021,40.799999,40.900002,40.299999,40.349998,40.349998,32145976
16-07-2021,40.400002,41.200001,40.299999,40.849998,40.849998,41560170
19-07-2021,40.5,40.700001,40.099998,40.299999,40.299999,31864818
20-07-2021,40.150002,40.400002,39.450001,39.75,39.75,48757312
22-07-2021,40.450001,40.599998,39.900002,40,40,53618639
23-07-2021,40.099998,40.299999,39.700001,40.049999,40.049999,42958166
26-07-2021,39.950001,40.150002,39.25,39.349998,39.349998,39507185
27-07-2021,39.5,40,39.049999,39.150002,39.150002,41915784
28-07-2021,39.200001,39.299999,38.099998,38.400002,38.400002,57230970
29-07-2021,38.599998,39.700001,38.25,39.400002,39.400002,63854550
30-07-2021,39.5,40,39.25,39.5,39.5,45647205
02-08-2021,39.75,40.950001,39.599998,40.700001,40.700001,64896737
03-08-2021,41.5,41.5,40.049999,40.299999,40.299999,100994147
04-08-2021,40.5,40.650002,39.299999,39.400002,39.400002,79555428
05-08-2021,39.5,39.549999,38.200001,38.849998,38.849998,62226173
06-08-2021,39,39.799999,38.75,39.549999,39.549999,62616916
09-08-2021,39.599998,40.200001,38.650002,38.75,38.75,55639684
10-08-2021,38.900002,39.049999,37.299999,37.5,37.5,64226181
11-08-2021,37.599998,37.799999,36.599998,37.400002,37.400002,60555697
12-08-2021,37.450001,37.950001,37.400002,37.799999,37.799999,32721153
13-08-2021,37.849998,38.049999,37.549999,37.75,37.75,31382550
16-08-2021,37.650002,37.900002,37.349998,37.450001,37.450001,19259890
17-08-2021,37.349998,37.400002,36.700001,36.75,36.75,25157898
18-08-2021,36.700001,37,36.099998,36.5,36.5,32386126
20-08-2021,35.950001,36.299999,35.299999,35.599998,35.599998,38801065
23-08-2021,35.700001,36.75,35.450001,36.150002,36.150002,54815488
24-08-2021,36.099998,36.700001,35.900002,36.349998,36.349998,55044654
25-08-2021,36.450001,36.900002,36.25,36.450001,36.450001,45499400
26-08-2021,36.400002,36.650002,35.700001,35.799999,35.799999,35509249
27-08-2021,35.799999,36.25,35.700001,36.150002,36.150002,31396562
30-08-2021,36.150002,36.900002,36.150002,36.75,36.75,31585995
31-08-2021,36.650002,37.299999,36.349998,36.650002,36.650002,56641931
01-09-2021,36.599998,37.450001,36.549999,37.349998,37.349998,41504907
02-09-2021,37.25,37.799999,37.200001,37.450001,37.450001,35910903
03-09-2021,37.5,38.549999,37.5,38.049999,38.049999,53604232
06-09-2021,38.400002,38.5,37.75,37.849998,37.849998,30264921
07-09-2021,37.75,37.950001,37.150002,37.400002,37.400002,30962650
08-09-2021,37.349998,38.349998,37.25,37.650002,37.650002,47139154
09-09-2021,37.650002,37.900002,37.450001,37.549999,37.549999,20050778
13-09-2021,37.799999,37.799999,37.349998,37.599998,37.599998,21274965
14-09-2021,37.75,38.349998,37.650002,37.799999,37.799999,31674866
15-09-2021,37.950001,38.950001,37.75,38.75,38.75,57565856
16-09-2021,38.799999,41.950001,38.5,41.799999,41.799999,190657378
17-09-2021,42.700001,42.75,39.349998,39.75,39.75,135078081
20-09-2021,39.5,39.5,38,38.099998,38.099998,49454941
21-09-2021,38.200001,38.450001,37.349998,38.099998,38.099998,45279748
22-09-2021,38.150002,38.549999,38,38.150002,38.150002,27417221
23-09-2021,38.5,39,38.400002,38.5,38.5,31335371
24-09-2021,39,39,37.75,37.900002,37.900002,33176080
27-09-2021,38.150002,38.650002,38.049999,38.349998,38.349998,33799535
28-09-2021,38.400002,39.700001,38.349998,39.150002,39.150002,87295894
29-09-2021,38.799999,41,38.5,39.650002,39.650002,103695312
30-09-2021,39.799999,41.25,39.599998,40.099998,40.099998,83665464
01-10-2021,39.950001,41.200001,39.349998,40.599998,40.599998,97922965
04-10-2021,40.900002,41.5,40.75,41.099998,41.099998,62912144
05-10-2021,41.049999,41.75,40.75,41.049999,41.049999,62599441
06-10-2021,41.299999,41.700001,39.700001,39.900002,39.900002,76749025
07-10-2021,40.450001,40.549999,39.849998,39.900002,39.900002,35042174
08-10-2021,40.099998,40.5,39.5,40.299999,40.299999,63181834
11-10-2021,40.5,40.900002,40.299999,40.450001,40.450001,42779749
12-10-2021,40.5,41.349998,40.049999,41.25,41.25,67999277
13-10-2021,41.5,42.099998,41.299999,41.450001,41.450001,82798525
14-10-2021,41.799999,42.700001,41.700001,42.549999,42.549999,128521477
18-10-2021,42.950001,48.200001,42.75,46,46,405179433
19-10-2021,46.900002,47.5,43.900002,44.150002,44.150002,150882735
20-10-2021,43.900002,44.5,42.650002,43.099998,43.099998,115424264
21-10-2021,43.900002,44.900002,43.450001,44.650002,44.650002,122750629
22-10-2021,45.200001,46.25,43.650002,43.950001,43.950001,102347062
25-10-2021,44.25,45.650002,43.150002,44.900002,44.900002,153458794
26-10-2021,45.349998,47.599998,45.200001,45.849998,45.849998,214146592
27-10-2021,46.200001,47.099998,45.75,46.299999,46.299999,111681059
28-10-2021,45,45,41,41.349998,41.349998,321343621
29-10-2021,41.5,43.099998,40.599998,42.099998,42.099998,146781564
01-11-2021,42.549999,42.650002,41.799999,42.099998,42.099998,42645900
02-11-2021,42.349998,42.450001,41.799999,42.099998,42.099998,52725424
03-11-2021,42.200001,42.650002,41.150002,41.349998,41.349998,64044920
04-11-2021,41.700001,42.049999,41.549999,41.900002,41.900002,13072027
08-11-2021,42.25,42.599998,41.900002,42.400002,42.400002,55791255
09-11-2021,42.599998,43.25,42.5,42.900002,42.900002,55276093
10-11-2021,42.799999,42.900002,42.049999,42.25,42.25,41151809
11-11-2021,42.400002,42.450001,41.650002,41.849998,41.849998,35549697
12-11-2021,42.200001,42.25,41.549999,41.75,41.75,28798008
15-11-2021,42.049999,42.099998,41.450001,41.599998,41.599998,29300908
16-11-2021,41.849998,41.849998,40.950001,41.099998,41.099998,37098708
17-11-2021,40.900002,41.400002,40.5,40.650002,40.650002,37455760
18-11-2021,40.849998,42.200001,40.799999,41.650002,41.650002,123654620
22-11-2021,41.650002,41.799999,39.349998,39.900002,39.900002,66795201
23-11-2021,39.599998,40.849998,39.450001,40.650002,40.650002,54899992
24-11-2021,40.75,41.150002,40.200001,40.450001,40.450001,40887058
25-11-2021,40.450001,40.549999,39.849998,39.950001,39.950001,44234204
26-11-2021,39.75,39.75,38.25,38.5,38.5,55545650
29-11-2021,38.200001,38.450001,37.099998,37.599998,37.599998,47437170
30-11-2021,37.75,38.5,37.049999,37.299999,37.299999,52315588
01-12-2021,37.400002,38.549999,37.150002,38.349998,38.349998,40315749
02-12-2021,38.299999,38.599998,37.950001,38.5,38.5,32390148
03-12-2021,38.549999,39.099998,38.349998,38.5,38.5,29288326
06-12-2021,38.5,38.900002,37.849998,38,38,40915598
07-12-2021,38.299999,38.849998,38.200001,38.5,38.5,31500355
08-12-2021,38.75,39.450001,38.549999,39.349998,39.349998,41296620
09-12-2021,39.5,39.900002,39.150002,39.5,39.5,35479922
10-12-2021,39.5,41.049999,39.25,40.75,40.75,52245056
13-12-2021,41.25,41.400002,40.150002,40.25,40.25,46056603
14-12-2021,40.099998,40.450001,39.549999,40.150002,40.150002,40950927
15-12-2021,40.049999,40.450001,39.650002,39.75,39.75,30984077
16-12-2021,39.799999,40.200001,39.099998,39.400002,39.400002,34881495
17-12-2021,39.25,39.400002,37.900002,38,38,47068060
20-12-2021,37.5,37.650002,35.950001,36.75,36.75,55096010
21-12-2021,36.900002,37.599998,36.599998,36.950001,36.950001,60527831
22-12-2021,37.25,38,37,37.450001,37.450001,37841483
23-12-2021,37.75,38.25,37.599998,38,38,35679028
24-12-2021,38,38.150002,36.25,36.849998,36.849998,57414841
27-12-2021,36.799999,37.349998,36.25,37.25,37.25,42555204
28-12-2021,37.349998,37.599998,37.099998,37.299999,37.299999,34060388
29-12-2021,37.400002,37.5,37,37.150002,37.150002,32102072
30-12-2021,37,37.400002,36.549999,37.150002,37.150002,69851127
31-12-2021,37.25,37.599998,37.049999,37.299999,37.299999,31412356
03-01-2022,37.299999,38.150002,37.25,38,38,36560565
04-01-2022,38.099998,38.650002,37.900002,38.349998,38.349998,40922358
05-01-2022,38.099998,39.049999,38.049999,38.75,38.75,46559579
06-01-2022,38.200001,39.099998,38.200001,38.799999,38.799999,43889477
07-01-2022,38.799999,39.549999,38.650002,38.900002,38.900002,45764582
10-01-2022,38.950001,40.75,38.900002,40.349998,40.349998,77487214
11-01-2022,40.450001,40.599998,39.75,39.950001,39.950001,40117267
12-01-2022,40.049999,40.450001,39.849998,40,40,27289110
13-01-2022,39.950001,40.650002,39.75,40.200001,40.200001,38374630
14-01-2022,39.950001,40.349998,39.799999,40.150002,40.150002,28246979
17-01-2022,40.049999,40.5,39.75,39.849998,39.849998,28509122
18-01-2022,40,40.200001,39,39.099998,39.099998,44095230
19-01-2022,38.849998,40.150002,38.75,40,40,44886428
20-01-2022,39.900002,40.450001,39.75,40,40,38841491
21-01-2022,39.549999,39.75,38.450001,38.799999,38.799999,48283808
24-01-2022,38.799999,39.049999,37.299999,38,38,51367085
25-01-2022,37.900002,39.549999,37.599998,39.400002,39.400002,54401085
27-01-2022,39,41.450001,38.799999,41.150002,41.150002,120678533
28-01-2022,42.099998,42.400002,40.700001,40.849998,40.849998,116265760
31-01-2022,41.099998,41.849998,40.849998,41.549999,41.549999,65358800
01-02-2022,41.799999,42,40.299999,41.299999,41.299999,83578352
02-02-2022,41.299999,43,41.200001,42.799999,42.799999,111715210
03-02-2022,42.900002,43.349998,42.349998,42.599998,42.599998,85013403
04-02-2022,42.5,42.900002,41.349998,41.5,41.5,57040478
07-02-2022,41.5,43,41.299999,41.700001,41.700001,94193766
08-02-2022,41.900002,42.200001,40.549999,42,42,82898920
09-02-2022,42.099998,42.200001,41.299999,41.599998,41.599998,36405347
10-02-2022,41.700001,41.799999,40.700001,40.799999,40.799999,34712483
11-02-2022,40.599998,40.75,39.599998,39.75,39.75,38771131
14-02-2022,38.099998,38.400002,37,37.099998,37.099998,68821970
15-02-2022,37.400002,38.549999,36.799999,38.400002,38.400002,53556498
16-02-2022,38.799999,39.099998,38.450001,38.549999,38.549999,58312435
17-02-2022,38.5,38.75,37.900002,38.049999,38.049999,37538172
18-02-2022,37.849998,38.400002,37.599998,37.75,37.75,39630801
21-02-2022,37.549999,37.799999,37.200001,37.5,37.5,34670090
22-02-2022,36.799999,37.349998,36.5,37.200001,37.200001,37187228
23-02-2022,37.200001,38,37.200001,37.349998,37.349998,36877066
24-02-2022,35.950001,36.400002,31.75,32,32,189980575
25-02-2022,33.799999,36.75,33.549999,34.950001,34.950001,189336639
28-02-2022,34.150002,35.150002,34.049999,34.900002,34.900002,94949907
02-03-2022,34.400002,35.549999,34.299999,35.349998,35.349998,69515457
03-03-2022,35.900002,36.049999,34.849998,35.099998,35.099998,52337879
04-03-2022,34.75,35.400002,34.5,34.599998,34.599998,56689130
07-03-2022,33.950001,34.700001,33.349998,34.200001,34.200001,62092259
08-03-2022,34.200001,35.150002,33.950001,34.900002,34.900002,64860676
09-03-2022,35.349998,35.75,34.849998,35.599998,35.599998,69650320
10-03-2022,36.299999,36.799999,35.700001,35.950001,35.950001,70426564
11-03-2022,35.799999,36.450001,35.599998,36.25,36.25,42340369
14-03-2022,36.299999,36.900002,35.799999,36.799999,36.799999,54669854
15-03-2022,36.900002,37.200001,35.900002,36,36,50789501
16-03-2022,35.799999,36.349998,35.650002,35.900002,35.900002,48492102
17-03-2022,36.299999,36.400002,35.900002,36,36,39001545
21-03-2022,36.099998,36.200001,35.549999,35.700001,35.700001,28291811
22-03-2022,35.700001,35.849998,34.950001,35.599998,35.599998,46470194
23-03-2022,35.849998,36.450001,35.599998,35.700001,35.700001,46357008
24-03-2022,35.75,36,35.5,35.549999,35.549999,27969611
25-03-2022,35.599998,35.849998,35.25,35.400002,35.400002,29182192
28-03-2022,35.400002,35.849998,34.799999,35.650002,35.650002,49502255
29-03-2022,36,36,34.849998,34.950001,34.950001,47346926
30-03-2022,35.400002,35.5,34.950001,35.049999,35.049999,46240651
31-03-2022,35.150002,35.299999,34.950001,35.049999,35.049999,33939694
01-04-2022,35.099998,36.450001,35,36.349998,36.349998,53967690
04-04-2022,36.450001,37.099998,36.25,36.900002,36.900002,56228869
05-04-2022,37,37.5,36.700001,36.950001,36.950001,40801381
06-04-2022,36.799999,37.900002,36.700001,37.599998,37.599998,44241731
07-04-2022,37.700001,38.5,37.299999,37.450001,37.450001,61740174
08-04-2022,37.599998,37.950001,37.5,37.75,37.75,28343556
11-04-2022,37.650002,38,37.400002,37.450001,37.450001,28770137
12-04-2022,37.349998,37.400002,36.25,36.75,36.75,39061333
13-04-2022,36.849998,37.150002,36.599998,36.650002,36.650002,22607254
18-04-2022,36.400002,36.400002,35.700001,36.200001,36.200001,29188725
19-04-2022,36.400002,36.599998,35.200001,35.700001,35.700001,31729898
20-04-2022,35.849998,36.049999,35.450001,35.700001,35.700001,24765890
21-04-2022,36,36.150002,35.799999,35.950001,35.950001,19283074
22-04-2022,35.849998,36.099998,35.349998,35.400002,35.400002,28709719
